{
  "1": {
  "category": "player",
  "sounds": [{
    "name": "n/1",
  "stream": false
  }]
},
  "2": {
  "category": "player",
  "sounds": [{
    "name": "n/2",
  "stream": false
  }]
},
  "3": {
  "category": "player",
  "sounds": [{
    "name": "n/3",
  "stream": false
  }]
},
  "4": {
  "category": "player",
  "sounds": [{
    "name": "n/4",
  "stream": false
  }]
},
  "5": {
  "category": "player",
  "sounds": [{
    "name": "n/5",
  "stream": false
  }]
},
  "6": {
  "category": "player",
  "sounds": [{
    "name": "n/6",
  "stream": false
  }]
},
  "7": {
  "category": "player",
  "sounds": [{
    "name": "n/7",
  "stream": false
  }]
},
  "1_": {
  "category": "player",
  "sounds": [{
    "name": "n/1#",
  "stream": false
  }]
},
  "2_": {
  "category": "player",
  "sounds": [{
    "name": "n/2#",
  "stream": false
  }]
},
  "4_": {
  "category": "player",
  "sounds": [{
    "name": "n/4#",
  "stream": false
  }]
},
  "5_": {
  "category": "player",
  "sounds": [{
    "name": "n/5#",
  "stream": false
  }]
},
  "6_": {
  "category": "player",
  "sounds": [{
    "name": "n/6#",
  "stream": false
  }]
},
  "1.": {
  "category": "player",
  "sounds": [{
    "name": "+/1+",
  "stream": false
  }]
},
  "2.": {
  "category": "player",
  "sounds": [{
    "name": "+/2+",
  "stream": false
  }]
},
  "3.": {
  "category": "player",
  "sounds": [{
    "name": "+/3+",
  "stream": false
  }]
},
  "4.": {
  "category": "player",
  "sounds": [{
    "name": "+/4+",
  "stream": false
  }]
},
  "5.": {
  "category": "player",
  "sounds": [{
    "name": "+/5+",
  "stream": false
  }]
},
  "6.": {
  "category": "player",
  "sounds": [{
    "name": "+/6+",
  "stream": false
  }]
},
  "7.": {
  "category": "player",
  "sounds": [{
    "name": "+/7+",
  "stream": false
  }]
},
  "1._": {
  "category": "player",
  "sounds": [{
    "name": "+/1+#",
  "stream": false
  }]
},
  "2._": {
  "category": "player",
  "sounds": [{
    "name": "+/2+#",
  "stream": false
  }]
},
  "4._": {
  "category": "player",
  "sounds": [{
    "name": "+/4+#",
  "stream": false
  }]
},
  "5._": {
  "category": "player",
  "sounds": [{
    "name": "+/5+#",
  "stream": false
  }]
},
  "6._": {
  "category": "player",
  "sounds": [{
    "name": "+/6+#",
  "stream": false
  }]
},
  "1..": {
  "category": "player",
  "sounds": [{
    "name": "++/1++",
  "stream": false
  }]
},
  "2..": {
  "category": "player",
  "sounds": [{
    "name": "++/2++",
  "stream": false
  }]
},
  "3..": {
  "category": "player",
  "sounds": [{
    "name": "++/3++",
  "stream": false
  }]
},
  "4..": {
  "category": "player",
  "sounds": [{
    "name": "++/4++",
  "stream": false
  }]
},
  "5..": {
  "category": "player",
  "sounds": [{
    "name": "++/5++",
  "stream": false
  }]
},
  "6..": {
  "category": "player",
  "sounds": [{
    "name": "++/6++",
  "stream": false
  }]
},
  "7..": {
  "category": "player",
  "sounds": [{
    "name": "++/7++",
  "stream": false
  }]
},
  "1.._": {
  "category": "player",
  "sounds": [{
    "name": "++/1++#",
  "stream": false
  }]
},
  "2.._": {
  "category": "player",
  "sounds": [{
    "name": "++/2++#",
  "stream": false
  }]
},
  "4.._": {
  "category": "player",
  "sounds": [{
    "name": "++/4++#",
  "stream": false
  }]
},
  "5.._": {
  "category": "player",
  "sounds": [{
    "name": "++/5++#",
  "stream": false
  }]
},
  "6.._": {
  "category": "player",
  "sounds": [{
    "name": "++/6++#",
  "stream": false
  }]
},
  "1-": {
  "category": "player",
  "sounds": [{
    "name": "-/1-",
  "stream": false
  }]
},
  "2-": {
  "category": "player",
  "sounds": [{
    "name": "-/2-",
  "stream": false
  }]
},
  "3-": {
  "category": "player",
  "sounds": [{
    "name": "-/3-",
  "stream": false
  }]
},
  "4-": {
  "category": "player",
  "sounds": [{
    "name": "-/4-",
  "stream": false
  }]
},
  "5-": {
  "category": "player",
  "sounds": [{
    "name": "-/5-",
  "stream": false
  }]
},
  "6-": {
  "category": "player",
  "sounds": [{
    "name": "-/6-",
  "stream": false
  }]
},
  "7-": {
  "category": "player",
  "sounds": [{
    "name": "-/7-",
  "stream": false
  }]
},
  "1-_": {
  "category": "player",
  "sounds": [{
    "name": "-/1-#",
  "stream": false
  }]
},
  "2-_": {
  "category": "player",
  "sounds": [{
    "name": "-/2-#",
  "stream": false
  }]
},
  "4-_": {
  "category": "player",
  "sounds": [{
    "name": "-/4-#",
  "stream": false
  }]
},
  "5-_": {
  "category": "player",
  "sounds": [{
    "name": "-/5-#",
  "stream": false
  }]
},
  "6-_": {
  "category": "player",
  "sounds": [{
    "name": "-/6-#",
  "stream": false
  }]
},
  "1--": {
  "category": "player",
  "sounds": [{
    "name": "--/1--",
  "stream": false
  }]
},
  "2--": {
  "category": "player",
  "sounds": [{
    "name": "--/2--",
  "stream": false
  }]
},
  "3--": {
  "category": "player",
  "sounds": [{
    "name": "--/3--",
  "stream": false
  }]
},
  "4--": {
  "category": "player",
  "sounds": [{
    "name": "--/4--",
  "stream": false
  }]
},
  "5--": {
  "category": "player",
  "sounds": [{
    "name": "--/5--",
  "stream": false
  }]
},
  "6--": {
  "category": "player",
  "sounds": [{
    "name": "--/6--",
  "stream": false
  }]
},
  "7--": {
  "category": "player",
  "sounds": [{
    "name": "--/7--",
  "stream": false
  }]
},
  "1--_": {
  "category": "player",
  "sounds": [{
    "name": "--/1--#",
  "stream": false
  }]
},
  "2--_": {
  "category": "player",
  "sounds": [{
    "name": "--/2--#",
  "stream": false
  }]
},
  "4--_": {
  "category": "player",
  "sounds": [{
    "name": "--/4--#",
  "stream": false
  }]
},
  "5--_": {
  "category": "player",
  "sounds": [{
    "name": "--/5--#",
  "stream": false
  }]
},
  "6--_": {
  "category": "player",
  "sounds": [{
    "name": "--/6--#",
  "stream": false
  }]
},
  "1...": {
  "category": "player",
  "sounds": [{
    "name": "+++/1+++",
  "stream": false
  }]
}
}


